Rank,Name,Revenues ($M),Revenue Percent Change,Profits ($M),Profits Percent Change,Assets ($M),"Market Value - as of March 31, 2022 ($M)",Change in Rank (Full 1000),Employees,Change in Rank (500 only)
1,Walmart,"$572,754",2.4%,"$13,673",1.2%,"$244,860","$409,795",-,"2,300,000",-
2,Amazon,"$469,822",21.7%,"$33,364",56.4%,"$420,549","$1,658,807.3",-,"1,608,000",-
3,Apple,"$365,817",33.3%,"$94,680",64.9%,"$351,002","$2,849,537.6",-,"154,000",-
4,CVS Health,"$292,111",8.7%,"$7,910",10.2%,"$232,999","$132,839.2",-,"258,000",-
5,UnitedHealth Group,"$287,597",11.8%,"$17,285",12.2%,"$212,206","$479,830.3",-,"350,000",-
6,Exxon Mobil,"$285,640",57.4%,"$23,040",-,"$338,923","$349,652.4",4,"63,000",4
7,Berkshire Hathaway,"$276,094",12.5%,"$89,795",111.2%,"$958,784","$779,542.3",-1,"372,000",-1
8,Alphabet,"$257,637",41.2%,"$76,033",88.8%,"$359,268","$1,842,326.1",1,"156,500",1
9,McKesson,"$238,228",3.1%,"$-4,539",-604.3%,"$65,015","$45,857.8",-2,"67,500",-2
10,AmerisourceBergen,"$213,988.8",12.7%,"$1,539.9",-,"$57,337.8","$32,355.7",-2,"40,000",-2
11,Costco Wholesale,"$195,929",17.5%,"$5,007",25.1%,"$59,268","$255,230.7",1,"288,000",1
12,Cigna,"$174,078",8.5%,"$5,365",-36.6%,"$154,889","$76,286.3",1,"72,963",1
13,AT&T,"$168,864",-1.7%,"$20,081",-,"$551,622","$169,262.4",-2,"202,600",-2
14,Microsoft,"$168,088",17.5%,"$61,271",38.4%,"$333,779","$2,311,358.9",1,"181,000",1
15,Cardinal Health,"$162,467",6.2%,$611,-,"$44,453","$15,709.4",-1,"46,827",-1
16,Chevron,"$162,465",71.6%,"$15,625",-,"$239,535","$317,120.1",11,"42,595",11
17,Home Depot,"$151,157",14.4%,"$16,433",27.7%,"$71,876","$309,312.6",1,"490,600",1
18,Walgreens Boots Alliance,"$148,579",6.5%,"$2,542",457.5%,"$81,285","$38,671.1",-2,"258,500",-2
19,Marathon Petroleum,"$141,032",58.5%,"$9,738",-,"$85,373","$47,758.1",13,"17,700",13
20,Elevance Health,"$138,639",13.8%,"$6,104",33.5%,"$97,460","$118,533.5",3,"98,200",3
21,Kroger,"$137,888",4.1%,"$1,655",-36%,"$49,086","$41,496.2",-4,"420,000",-4
22,Ford Motor,"$136,341",7.2%,"$17,937",-,"$257,035","$67,958.2",-1,"183,000",-1
23,Verizon Communications,"$133,613",4.1%,"$22,065",24%,"$366,596","$213,837.1",-3,"118,400",-3
24,JPMorgan Chase,"$127,202",-1.8%,"$48,334",65.9%,"$3,743,567","$402,526.9",-5,"271,025",-5
25,General Motors,"$127,004",3.7%,"$10,019",55.9%,"$244,718","$63,555.2",-3,"157,000",-3
26,Centene,"$125,982",13.4%,"$1,347",-25.5%,"$78,375","$49,072.2",-2,"72,500",-2
27,Meta Platforms,"$117,929",37.2%,"$39,370",35.1%,"$165,987","$605,251",7,"71,970",7
28,Comcast,"$116,385",12.4%,"$14,159",34.4%,"$275,905","$212,245.8",-2,"189,000",-2
29,Phillips 66,"$114,852",75.4%,"$1,317",-,"$55,594","$41,561",19,"14,000",19
30,Valero Energy,"$108,332",80.2%,$930,-,"$57,888","$41,572.2",23,"9,804",23
31,Dell Technologies,"$106,995",13.6%,"$5,563",71.2%,"$92,735","$38,164.4",-3,"133,000",-3
32,Target,"$106,005",13.3%,"$6,946",59%,"$53,811","$98,134.4",-2,"450,000",-2
33,Fannie Mae,"$101,543",-4.6%,"$22,176",87.9%,"$4,229,166",$909.1,-8,"7,400",-8
34,United Parcel Service,"$97,287",15%,"$12,890",859.8%,"$69,405","$186,816.6",1,"400,945",1
35,Lowe's,"$96,250",7.4%,"$8,442",44.7%,"$44,640","$133,761.1",-4,"270,000",-4
36,Bank of America,"$93,851",0.1%,"$31,978",78.7%,"$3,169,495","$332,433.3",-7,"208,248",-7
37,Johnson & Johnson,"$93,775",13.6%,"$20,878",41.9%,"$182,018","$466,046.7",-1,"141,700",-1
38,Archer Daniels Midland,"$85,249",32.5%,"$2,709",52.9%,"$56,136","$50,769.2",13,"39,979",13
39,FedEx,"$83,959",21.3%,"$5,231",306.8%,"$82,777","$59,971.3",6,"484,000",6
40,Humana,"$83,064",7.7%,"$2,933",-12.9%,"$44,358","$55,154.9",1,"95,500",1
41,Wells Fargo,"$82,407",2.6%,"$21,548",552.8%,"$1,948,068","$184,225",-4,"247,848",-4
42,State Farm Insurance,"$82,224.7",4.2%,"$1,280.9",-65.7%,"$325,349.3",-,-3,"53,586",-3
43,Pfizer,"$81,288",94%,"$21,979",128.6%,"$181,476","$292,385.3",34,"79,000",34
44,Citigroup,"$79,865",-10.1%,"$21,952",98.7%,"$2,291,413","$105,330.1",-11,"221,768",-11
45,PepsiCo,"$79,474",12.9%,"$7,618",7%,"$92,377","$231,528.2",-1,"309,000",-1
46,Intel,"$79,024",1.5%,"$19,868",-4.9%,"$168,406","$202,635.8",-6,"121,100",-6
47,Procter & Gamble,"$76,118",7.3%,"$14,306",9.8%,"$119,307","$366,271.6",-4,"101,000",-4
48,General Electric,"$74,196",-6.8%,"$-6,520",-214.3%,"$198,874","$100,810.2",-10,"168,000",-10
49,IBM,"$72,344",-1.7%,"$5,743",2.7%,"$132,001","$116,928.3",-7,"297,800",-7
50,MetLife,"$71,080",4.8%,"$6,554",21.2%,"$759,708","$57,986.5",-4,"43,000",-4
51,Prudential Financial,"$70,934",24.4%,"$7,724",-,"$937,582","$44,482.2",4,"40,916",4
52,Albertsons,"$69,690.4",11.6%,$850.2,82.3%,"$26,598","$16,063.7",-,"300,000",-
53,Walt Disney,"$67,418",3.1%,"$1,995",-,"$203,609","$249,718.1",-3,"171,000",-3
54,Energy Transfer,"$67,417",73.1%,"$5,470",-,"$105,963","$34,496.9",27,"12,558",27
55,Lockheed Martin,"$67,044",2.5%,"$6,315",-7.6%,"$50,873","$117,648.2",-6,"114,000",-6
56,Freddie Mac,"$65,898",-0.5%,"$12,109",65.3%,"$3,025,586",$510.3,-9,"7,301",-9
57,Goldman Sachs Group,"$64,989",21.5%,"$21,635",128.7%,"$1,463,988","$117,667.6",2,"43,900",2
58,Raytheon Technologies,"$64,388",13.8%,"$3,864",-,"$161,404","$147,640.9",-1,"174,000",-1
59,HP,"$63,487",12.1%,"$6,503",128.7%,"$38,610","$38,237.2",-3,"51,000",-3
60,Boeing,"$62,286",7.1%,"$-4,202",-,"$138,552","$113,058.7",-6,"142,000",-6
61,Morgan Stanley,"$61,121",17.4%,"$15,034",36.7%,"$1,188,140","$155,685.6",-,"74,814",-
62,HCA Healthcare,"$58,752",14%,"$6,956",85.3%,"$50,742","$75,691.9",-,"244,000",-
63,AbbVie,"$56,197",22.7%,"$11,542",150%,"$146,529","$286,332.4",5,"50,000",5
64,Dow,"$54,968",42.6%,"$6,311",415.2%,"$62,990","$46,839.7",18,"35,700",18
65,Tesla,"$53,823",70.7%,"$5,519",665.5%,"$62,131","$1,113,707.8",35,"99,290",35
66,Allstate,"$53,228",18.8%,"$1,599",-71.3%,"$99,440","$38,553.7",4,"54,500",4
67,American International Group,"$52,057",19%,"$9,388",-,"$596,112","$50,608.2",5,"36,600",5
68,Best Buy,"$51,761",9.5%,"$2,454",36.5%,"$17,504","$20,473.2",-2,"81,375",-2
69,Charter Communications,"$51,682",7.5%,"$4,654",44.4%,"$142,491","$112,803.4",-5,"93,700",-5
70,Sysco,"$51,297.8",-3%,$524.2,143.3%,"$21,413.5","$41,433.1",-10,"57,710",-10
71,Merck,"$51,216",6.7%,"$13,049",84.6%,"$105,694","$207,400.5",-6,"67,500",-6
72,New York Life Insurance,"$51,198.5",9.6%,$277.1,-,"$379,984.6",-,-5,"14,344",-5
73,Caterpillar,"$50,971",22.1%,"$6,489",116.4%,"$82,793","$119,406.6",5,"107,700",5
74,Cisco Systems,"$49,818",1%,"$10,591",-5.6%,"$97,497","$231,636.4",-11,"79,500",-11
75,TJX,"$48,550",51.1%,"$3,282.8",3528.6%,"$28,461.5","$71,195.3",22,"340,000",22
76,Publix Super Markets,"$48,393.9",7.1%,"$4,412.2",11.1%,"$31,524.3",-,-7,"232,000",-7
77,ConocoPhillips,"$48,349",151.1%,"$8,079",-,"$90,661","$129,605.1",79,"9,900",79
78,Liberty Mutual Insurance Group,"$48,200",10.1%,"$3,068",304.7%,"$156,043",-,-7,"45,000",-7
79,Progressive,"$47,702",11.8%,"$3,350.9",-41.3%,"$71,132.3","$66,670.3",-5,"49,077",-5
80,Nationwide,"$47,376",13%,"$1,617.2",-,"$278,412.2",-,-4,"24,134",-4
81,Tyson Foods,"$47,049",8.9%,"$3,047",47.8%,"$36,309","$32,487.8",-8,"137,000",-8
82,Bristol-Myers Squibb,"$46,385",9.1%,"$6,994",-,"$109,314","$155,203.5",-7,"32,200",-7
83,Nike,"$44,538",19.1%,"$5,727",125.6%,"$37,740","$212,779.1",2,"73,300",2
84,Deere,"$44,024",23.9%,"$5,963",116.8%,"$84,114","$127,456.6",4,"75,550",4
85,American Express,"$43,663",14.3%,"$8,060",157.1%,"$188,548","$141,613",-2,"64,000",-2
86,Abbott Laboratories,"$43,075",24.5%,"$7,071",57.3%,"$75,196","$208,725.8",3,"113,000",3
87,StoneX Group,"$42,534.2",-21.4%,$116.3,-31.4%,"$18,839.6","$1,494.4",-29,"3,242",-29
88,Plains GP Holdings,"$42,078",80.7%,$60,-,"$29,978","$2,242.9",39,"4,100",39
89,Enterprise Products Partners,"$40,806.9",50%,"$4,637.7",22.8%,"$67,525.6","$56,172.4",16,"6,911",16
90,TIAA,"$40,526.4",-2.6%,"$4,060.7",627.6%,"$698,190.8",-,-11,"15,065",-11
91,Oracle,"$40,479",3.6%,"$13,746",35.6%,"$131,107","$220,736.6",-11,"132,000",-11
92,Thermo Fisher Scientific,"$39,211",21.7%,"$7,725",21.2%,"$95,123","$231,057.4",3,"129,000",3
93,Coca-Cola,"$38,655",17.1%,"$9,771",26.1%,"$94,354","$268,769.7",-,"79,000",-
94,General Dynamics,"$38,469",1.4%,"$3,257",2.8%,"$50,073","$67,081",-10,"103,100",-10
95,CHS,"$38,448",35.4%,$554,31.1%,"$17,576.3",-,8,"9,941",8
96,USAA,"$37,469.6",3.2%,"$3,300",-15.5%,"$210,676.5",-,-9,"37,335",-9
97,Northwestern Mutual,"$36,751.2",8.8%,$977.8,130.1%,"$334,653.8",-,-7,"7,585",-7
98,Nucor,"$36,483.9",81.2%,"$6,827.5",846.3%,"$25,823.1","$39,954",51,"28,800",51
99,Exelon,"$36,347",10%,"$1,706",-13.1%,"$133,013","$46,683.9",-7,"31,518",-7
100,Massachusetts Mutual Life Insurance,"$35,899.5",51.7%,$319.3,-,"$383,292.4",-,23,"10,052",23
101,Northrop Grumman,"$35,667",-3.1%,"$7,005",119.7%,"$42,579","$69,811.9",-15,"88,000",-15
102,3M,"$35,355",9.9%,"$5,921",10%,"$47,072","$84,738.3",-6,"95,000",-6
103,Travelers,"$34,816",8.9%,"$3,662",35.8%,"$120,466","$44,129.4",-5,"30,492",-5
104,Arrow Electronics,"$34,477",20.2%,"$1,108.2",89.6%,"$19,535.5","$7,951.3",-2,"20,700",-2
105,Honeywell International,"$34,392",5.4%,"$5,542",16%,"$64,470","$133,381",-11,"99,000",-11
106,Dollar General,"$34,220.4",1.4%,"$2,399.2",-9.6%,"$26,327.4","$50,953",-15,"163,000",-15
107,Qualcomm,"$33,566",42.6%,"$9,043",74%,"$41,240","$172,228.1",17,"45,000",17
108,Capital One Financial,"$32,033",1.2%,"$12,390",356.5%,"$432,381","$53,260.4",-9,"50,767",-9
109,TD Synnex,"$31,614.2",28.1%,$395.1,-25.3%,"$27,666.4","$9,853.6",8,"27,000",8
110,Philip Morris International,"$31,405",9.4%,"$9,109",13.1%,"$41,290","$145,614.7",-9,"69,600",-9
111,World Fuel Services,"$31,337",53.9%,$73.7,-32.8%,"$5,942.4","$1,715.5",36,"4,414",36
112,Performance Food Group,"$30,398.9",21.2%,$40.7,-,"$7,845.7","$7,880.9",2,"22,885",2
113,Delta Air Lines,"$29,899",74.9%,$280,-,"$72,459","$25,322",65,"83,000",65
114,American Airlines Group,"$29,882",72.4%,"$-1,993",-,"$66,467","$11,847.2",60,"123,400",60
115,Netflix,"$29,697.8",18.8%,"$5,116.2",85.3%,"$44,584.7","$166,304.1",-,"11,300",-
116,Paramount Global,"$29,579",13%,"$4,543",87.6%,"$58,620","$24,628.8",-7,"25,115",-7
117,US Foods Holding,"$29,487",28.8%,$164,-,"$12,521","$8,392.3",11,"28,000",11
118,Danaher,"$29,453",32.2%,"$6,433",76.4%,"$83,184","$209,993.4",12,"79,000",12
119,Jabil,"$29,285",7.4%,$696,1191%,"$16,654","$8,857.3",-15,"238,000",-15
120,Starbucks,"$29,060.6",23.6%,"$4,199.3",352.4%,"$31,392.6","$104,642.8",5,"383,000",5
121,Mondelez International,"$28,720",8%,"$4,300",21%,"$67,092","$87,159.2",-13,"79,000",-13
122,Eli Lilly,"$28,318.4",15.4%,"$5,581.7",-9.9%,"$48,806","$272,723.6",-4,"35,238",-4
123,Hewlett Packard Enterprise,"$27,784",3%,"$3,427",-,"$57,699","$21,725.3",-17,"60,400",-17
124,D.R. Horton,"$27,774.2",36.7%,"$4,175.8",75.9%,"$24,015.9","$26,403.2",24,"11,788",24
125,Molina Healthcare,"$27,771",43%,$659,-2.1%,"$12,209","$19,572.9",30,"14,000",30
126,CBRE Group,"$27,746",16.5%,"$1,836.6",144.2%,"$22,073.5","$30,414.2",-4,"105,000",-4
127,Micron Technology,"$27,705",29.3%,"$5,861",118.1%,"$58,849","$86,977.2",8,"43,000",8
128,Broadcom,"$27,450",14.9%,"$6,736",127.6%,"$75,570","$257,086.5",-7,"20,000",-7
129,Gilead Sciences,"$27,305",10.6%,"$6,225",4961%,"$67,952","$74,656.5",-13,"14,400",-13
130,PBF Energy,"$27,253.4",80.3%,$231,-,"$11,641.4","$2,932.6",73,"3,418",73
131,Lennar,"$27,130.7",20.6%,"$4,430.1",79.7%,"$33,207.8","$23,413",-2,"10,753",-2
132,United Natural Foods,"$26,992",0.9%,$149,-,"$7,525","$2,409.3",-25,"28,300",-25
133,NRG Energy,"$26,989",196.8%,"$2,187",328.8%,"$23,182","$9,289",200,"6,635",200
134,Nvidia,"$26,914",61.4%,"$9,752",125.1%,"$44,187","$684,878.6",50,"22,473",50
135,Occidental Petroleum,"$26,772",60.5%,"$2,322",-,"$75,036","$53,160.2",48,"11,678",48
136,Salesforce,"$26,492",24.7%,"$1,444",-64.5%,"$95,209","$210,196.8",1,"73,541",1
137,Dollar Tree,"$26,321.2",3.2%,"$1,327.9",-1%,"$21,721.8","$36,051.4",-26,"136,226",-26
138,KKR,"$26,141.3",171.5%,"$4,666.5",133%,"$264,285.4","$51,542.9",178,"3,238",178
139,Kraft Heinz,"$26,042",-0.5%,"$1,012",184.3%,"$93,394","$48,248.6",-29,"36,000",-29
140,Amgen,"$25,979",2.2%,"$5,893",-18.9%,"$61,165","$134,700.8",-28,"24,200",-28
141,AutoNation,"$25,844",26.7%,"$1,373",259.8%,"$8,943.6","$6,111.4",4,"22,200",4
142,Penske Automotive Group,"$25,554.7",25%,"$1,187.8",118.5%,"$13,464.6","$7,196.7",1,"24,797",1
143,PayPal,"$25,371",18.3%,"$4,169",-0.8%,"$75,803","$134,732.8",-9,"30,900",-9
144,Macy's,"$25,292",39.8%,"$1,430",-,"$17,590","$7,123.2",20,"88,857",20
145,Duke Energy,"$24,677",5.2%,"$3,908",183.8%,"$169,587","$85,967",-19,"27,605",-19
146,United Airlines Holdings,"$24,634",60.4%,"$-1,964",-,"$68,175","$15,049.7",54,"84,100",54
147,Visa,"$24,105",10.3%,"$12,311",13.3%,"$82,896","$480,022.5",-14,"21,500",-14
148,Rite Aid,"$24,043.4",9.6%,$-90.9,-,"$9,335.4",$488.1,-16,"50,000",-16
149,Cummins,"$24,021",21.3%,"$2,131",19.1%,"$23,710","$29,140.9",1,"59,900",1
150,U.S. Bancorp,"$23,714",-6%,"$7,963",60.6%,"$573,284","$78,929.8",-37,"68,796",-37
151,Paccar,"$23,522.3",25.6%,"$1,852.1",42.6%,"$29,301.7","$30,619.7",8,"28,500",8
152,McDonald's,"$23,222.9",20.9%,"$7,545.2",59.5%,"$53,854.3","$183,873.6",5,"200,000",5
153,Southern,"$23,113",13.4%,"$2,393",-23.3%,"$127,534","$76,877",-7,"27,164",-7
154,C.H. Robinson Worldwide,"$23,102.1",42.5%,$844.2,66.7%,"$7,028.1","$13,855.8",37,"16,877",37
155,Truist Financial,"$23,064",-5.6%,"$6,440",43.7%,"$541,241","$75,353.9",-36,"51,462",-36
156,Applied Materials,"$23,063",34.1%,"$5,888",62.7%,"$25,825","$116,431.4",20,"27,000",20
157,Freeport-McMoRan,"$22,845",60.9%,"$4,306",618.9%,"$48,022","$72,360.8",58,"24,700",58
158,Lithia Motors,"$22,831.7",74%,"$1,060",125.4%,"$11,146.9","$8,909.8",73,"21,150",73
159,Blackstone,"$22,577.1",270%,"$5,857.4",460.3%,"$41,196.4","$88,907.2",295,"3,795",295
160,Hartford Financial Services Group,"$22,390",9.1%,"$2,365",36.2%,"$76,578","$23,815.6",-18,"18,100",-18
161,Aflac,"$22,106",-0.2%,"$4,325",-9.5%,"$157,542","$41,812.8",-30,"12,447",-30
162,Whirlpool,"$21,985",13%,"$1,783",64.9%,"$20,285","$10,101.2",-8,"69,000",-8
163,Union Pacific,"$21,804",11.6%,"$6,523",21.9%,"$63,525","$171,681.6",-10,"32,124",-10
164,International Paper,"$21,780",5.8%,"$1,752",263.5%,"$25,243","$17,301.1",-23,"38,200",-23
165,Altria Group,"$21,111",1.3%,"$2,475",-44.6%,"$39,523","$94,951.7",-27,"6,000",-27
166,CDW,"$20,820.8",12.7%,$988.6,25.4%,"$13,199.4","$24,140.2",-5,"13,900",-5
167,ManpowerGroup,"$20,724.4",15.1%,$382.4,1506.7%,"$9,828.9","$5,025.6",-2,"30,000",-2
168,PG&E,"$20,642",11.8%,$-102,-,"$103,327","$29,433.7",-8,"26,000",-8
169,Carrier Global,"$20,613",18.1%,"$1,664",-16%,"$26,172","$39,127.4",2,"58,000",2
170,Baker Hughes,"$20,502",-1%,$-219,-,"$35,308","$37,410.2",-30,"54,000",-30
171,Cleveland-Cliffs,"$20,444",281.8%,"$2,988",-,"$18,975","$16,891.2",330,"26,000",-
172,United States Steel,"$20,275",108.1%,"$4,174",-,"$17,816","$9,832.3",138,"24,540",138
173,Becton Dickinson,"$20,248",18.3%,"$2,092",139.4%,"$53,866","$75,749.1",4,"75,000",4
174,CarMax,"$20,092.1",-6.2%,$746.9,-15.9%,"$21,541.5","$15,598.9",-38,"26,889",-38
175,Sherwin-Williams,"$19,944.6",8.6%,"$1,864.4",-8.2%,"$20,666.7","$65,037.9",-13,"61,626",-13
176,Builders FirstSource,"$19,893.9",132.4%,"$1,725.4",450.3%,"$10,714.3","$11,408.9",174,"28,000",174
177,Marsh & McLennan,"$19,820",15.1%,"$3,143",55.9%,"$34,388","$85,681.3",-2,"83,000",-2
178,PNC Financial Services Group,"$19,698",-18.1%,"$5,674",-24.5%,"$557,191","$77,203.4",-58,"58,547",-58
179,Lumen Technologies,"$19,687",-4.9%,"$2,033",-,"$57,993","$11,533.4",-40,"36,000",-40
180,Avnet,"$19,534.7",10.8%,$193.1,-,"$8,925.4","$4,016.9",-12,"14,500",-12
181,Tenet Healthcare,"$19,485",10.5%,$914,129.1%,"$27,579","$9,387.6",-14,"88,968",-14
182,Kimberly-Clark,"$19,440",1.6%,"$1,814",-22.9%,"$17,837","$41,496.1",-24,"45,000",-24
183,Kohl's,"$19,433",21.8%,$938,-,"$15,054","$7,774.6",12,"67,000",12
184,BlackRock,"$19,374",19.6%,"$5,901",19.6%,"$152,648","$116,186.2",8,"18,400",8
185,Jones Lang LaSalle,"$19,367",16.7%,$961.6,138.9%,"$15,505","$11,945.5",1,"98,200",1
186,Lear,"$19,263.1",13%,$373.9,135.9%,"$13,352.4","$8,513.1",-7,"160,100",-7
187,Lincoln National,"$19,230",10.3%,"$1,405",181.6%,"$387,301","$11,271.6",-15,"10,848",-15
188,Charles Schwab,"$18,996",56.9%,"$5,855",77.5%,"$667,270","$159,675.9",63,"33,400",63
189,Ross Stores,"$18,916.2",50.9%,"$1,722.6",1917.5%,"$13,640.3","$31,741.7",53,"100,000",53
190,Mastercard,"$18,884",23.4%,"$8,687",35.5%,"$37,669","$349,330.5",11,"24,000",11
191,Genuine Parts,"$18,870.5",8.5%,$898.8,-,"$14,352.1","$17,888.1",-18,"52,000",-18
192,WestRock,"$18,746.1",6.6%,$838.3,-,"$29,254.3","$12,379",-22,"49,900",-22
193,EOG Resources,"$18,642",69%,"$4,664",-,"$38,236","$69,796",92,"2,800",92
194,Cognizant Technology Solutions,"$18,507",11.1%,"$2,137",53.5%,"$17,852","$47,035",-9,"330,600",-9
195,Moderna,"$18,471",2199.1%,"$12,202",-,"$24,669","$69,424.3",-,"2,700",-
196,Steel Dynamics,"$18,408.9",91.7%,"$3,214.1",483.5%,"$12,531.2","$15,811.5",123,"10,640",123
197,HF Sinclair,"$18,389.1",64.4%,$558.3,-,"$12,916.6","$8,895.8",82,"4,208",82
198,Texas Instruments,"$18,344",26.9%,"$7,769",38.9%,"$24,676","$169,329.6",12,"31,000",12
199,Emerson Electric,"$18,236",8.6%,"$2,303",17.2%,"$24,715","$58,241.7",-18,"86,700",-18
200,WESCO International,"$18,217.5",47.8%,$465.4,362.8%,"$12,617.7","$6,598.5",45,"18,000",45
201,General Mills,"$18,127",2.8%,"$2,339.8",7.3%,"$31,841.9","$40,781.8",-32,"35,000",-32
202,Tenneco,"$18,035",17.3%,$35,-,"$11,622","$1,523",-3,"71,000",-3
203,Waste Management,"$17,931",17.8%,"$1,816",21.4%,"$29,097","$65,802.8",-1,"48,500",-1
204,Viatris,"$17,886.3",49.7%,"$-1,269.1",-,"$54,842.8","$13,160.2",50,"37,000",50
205,DISH Network,"$17,881.1",15.4%,"$2,410.6",36.8%,"$48,001.7","$16,743.1",-8,"14,500",-8
206,L3Harris Technologies,"$17,814",-2.1%,"$1,846",65%,"$34,709","$47,969.6",-43,"47,000",-43
207,DXC Technology,"$17,729",-9.4%,$-149,-,"$22,038","$7,977.3",-55,"134,000",-55
208,Block,"$17,661.2",86%,$166.3,-22%,"$13,925.8","$78,655.9",115,"8,521",115
209,Goodyear Tire & Rubber,"$17,478",41.9%,$764,-,"$21,402","$4,029.3",37,"72,000",37
210,Uber Technologies,"$17,455",56.7%,$-496,-,"$38,774","$69,753",71,"29,300",71
211,Colgate-Palmolive,"$17,421",5.8%,"$2,166",-19.6%,"$15,040","$63,742.2",-23,"33,800",-23
212,Stanley Black & Decker,"$17,252.7",18.7%,"$1,689.2",36.9%,"$28,180","$22,843.3",-3,"71,300",-3
213,DuPont,"$17,160",-15.9%,"$6,467",-,"$45,707","$37,739.7",-69,"28,000",-69
214,Stryker,"$17,108",19.2%,"$1,994",24.7%,"$34,631","$100,978.1",-2,"46,000",-2
215,NextEra Energy,"$17,069",-5.2%,"$3,573",22.4%,"$140,912","$166,264.1",-49,"15,000",-49
216,Targa Resources,"$16,949.8",105.2%,$71.2,-,"$15,208.2","$17,243.8",148,"2,430",148
217,Western Digital,"$16,922",1.1%,$821,-,"$26,132","$15,536.4",-35,"65,600",-35
218,PPG Industries,"$16,802",21.5%,"$1,439",35.9%,"$21,351","$30,951.9",2,"49,300",2
219,American Electric Power,"$16,792",12.6%,"$2,488.1",13.1%,"$87,668.7","$50,338.6",-15,"16,688",-15
220,Gap,"$16,670",20.8%,$256,-,"$12,761","$5,206.6",1,"97,000",1
221,BJ's Wholesale Club,"$16,667.3",8%,$426.7,1.3%,"$5,668.9","$9,146.9",-23,"34,000",-23
222,Reinsurance Group of America,"$16,658",14.1%,$617,48.7%,"$92,175","$7,354.6",-15,"3,500",-15
223,Kinder Morgan,"$16,610",42%,"$1,784",1399.2%,"$70,416","$42,878.1",39,"10,529",39
224,Oneok,"$16,540.3",93.6%,"$1,499.7",144.7%,"$23,621.6","$31,516",127,"2,847",127
225,Expeditors Intl. of Washington,"$16,523.5",72.4%,"$1,415.5",103.3%,"$7,609.9","$17,268.8",74,"19,070",74
226,Advanced Micro Devices,"$16,434",68.3%,"$3,162",27%,"$12,419","$177,936.1",83,"15,500",83
227,Fiserv,"$16,226",9.3%,"$1,334",39.2%,"$76,249","$66,132.8",-22,"44,000",-22
228,Estée Lauder,"$16,215",13.4%,"$2,870",319.6%,"$21,971","$97,672.1",-15,"53,320",-15
229,Bank of New York Mellon,"$16,158",-4.6%,"$3,759",3.9%,"$444,438","$40,056.7",-49,"49,100",-49
230,Laboratory Corp. of America,"$16,120.9",15.3%,"$2,377.3",52.8%,"$20,385.4","$24,625.8",-12,"71,725",-12
231,Regeneron Pharmaceuticals,"$16,071.7",89.1%,"$8,075.3",129.9%,"$25,434.8","$75,806",123,"10,368",123
232,Land O'Lakes,"$15,916.4",14.1%,$287.4,8.5%,"$9,560",-,-13,"9,000",-13
233,Cheniere Energy,"$15,864",69.5%,"$-2,343",-,"$39,258","$35,272.3",95,"1,550",95
234,Southwest Airlines,"$15,790",74.5%,$977,-,"$36,320","$27,129.3",102,"55,093",102
235,Adobe,"$15,785",22.7%,"$4,822",-8.3%,"$27,241","$215,280.5",-1,"25,988",-1
236,Synchrony Financial,"$15,752",-4.4%,"$4,221",204.8%,"$95,748","$18,145.5",-49,"18,000",-49
237,Corteva,"$15,655",10.1%,"$1,759",158.3%,"$42,344","$41,774.9",-23,"21,000",-23
238,Fidelity National Financial,"$15,643",45.1%,"$2,422",69.7%,"$60,690","$13,849.6",50,"28,290",50
239,DTE Energy,"$15,369",26.2%,$907,-33.7%,"$39,719","$25,614.6",11,"10,300",11
240,Murphy USA,"$15,318.8",61.2%,$396.9,2.8%,"$4,048.2","$4,888.6",82,"10,430",82
241,Halliburton,"$15,295",5.9%,"$1,457",-,"$22,321","$34,028.9",-30,"40,000",-30
242,Automatic Data Processing,"$15,005.4",2.8%,"$2,598.5",5.4%,"$48,772.5","$95,577.1",-34,"56,000",-34
243,Edison International,"$14,905",9.8%,$759,2.7%,"$74,745","$26,693.8",-17,"13,003",-17
244,BorgWarner,"$14,838",46%,$537,7.4%,"$16,575","$9,335",51,"49,300",51
245,Nordstrom,"$14,789",38%,$178,-,"$8,869","$4,321.3",44,"72,000",44
246,Loews,"$14,657",16.5%,"$1,578",-,"$81,626","$15,971.3",-7,"10,340",-7
247,Guardian Life Ins. Co. of America,"$14,647.8",8%,$288.8,1128.5%,"$90,419.7",-,-20,"9,150",-20
248,Pioneer Natural Resources,"$14,643",119%,"$2,118",-,"$36,811","$60,728.3",180,"1,932",180
249,AutoZone,"$14,629.6",15.8%,"$2,170.3",25.2%,"$14,516.2","$40,582.6",-11,"85,050",-11
250,Lam Research,"$14,626.2",45.6%,"$3,908.5",73.6%,"$15,892.2","$74,996.7",54,"14,100",54
251,American Family Insurance Group,"$14,611.9",11.8%,$734.5,82.2%,"$36,316.4",-,-19,"13,590",-19
252,Illinois Tool Works,"$14,455",15%,"$2,694",27.7%,"$16,077","$65,311.9",-12,"45,000",-12
253,Parker-Hannifin,"$14,347.6",4.8%,"$1,746.1",44.7%,"$20,341.2","$36,456.8",-30,"54,640",-30
254,Otis Worldwide,"$14,298",12.1%,"$1,246",37.5%,"$12,279","$32,700.9",-18,"70,000",-18
255,Omnicom Group,"$14,289.4",8.5%,"$1,407.8",48.9%,"$28,421.8","$17,565.7",-26,"71,700",-26
256,Principal Financial,"$14,262.7",-3.2%,"$1,710.6",22.6%,"$304,657.2","$19,176.7",-50,"18,600",-50
257,Dominion Energy,"$14,218",-11.8%,"$3,288",-,"$99,590","$68,883",-64,"17,100",-64
258,Kellogg,"$14,181",3%,"$1,488",18.9%,"$18,178","$21,890.2",-36,"31,000",-36
259,Fluor,"$14,156.8",-10.9%,$-440.2,-,"$7,279.6","$4,051.7",-63,"40,582",-63
260,AECOM,"$14,112.4",-13.9%,$173.2,-,"$11,734","$10,856.5",-71,"51,000",-71
261,Reliance Steel & Aluminum,"$14,093.3",59.9%,"$1,413",282.8%,"$9,536","$11,313.5",82,"13,950",82
262,Jacobs Engineering Group,"$14,092.6",3.8%,$477,-3%,"$14,632.6","$17,807.4",-37,"53,500",-37
263,Corning,"$14,082",24.6%,"$1,906",272.3%,"$30,154","$31,212.8",14,"61,200",14
264,Farmers Insurance Exchange,"$14,055",18.4%,$-366.8,-,"$21,740.7",-,-8,"11,787",-8
265,Qurate Retail,"$14,044",-0.9%,$340,-71.8%,"$16,249","$1,807.4",-49,"26,745",-49
266,Pacific Life,"$13,936",38.5%,"$1,102",-,"$209,486",-,37,"3,861",37
267,PulteGroup,"$13,926.9",26.2%,"$1,946.3",38.3%,"$13,352.6","$10,115.7",17,"6,182",17
268,Fidelity National Information Services,"$13,877",10.6%,$417,163.9%,"$82,931","$61,215.1",-27,"65,000",-27
269,IQVIA Holdings,"$13,874",22.1%,$966,246.2%,"$24,689","$44,140.8",6,"79,000",6
270,Marriott International,"$13,857",31.1%,"$1,099",-,"$25,553","$57,514.9",23,"120,000",23
271,Berry Global Group,"$13,850",18.3%,$733,31.1%,"$17,882","$7,832.4",-10,"47,000",-10
272,Ball,"$13,811",17.2%,$878,50.1%,"$19,714","$28,909.1",-12,"24,300",-12
273,Group 1 Automotive,"$13,801.7",27.2%,$552.1,92.7%,"$5,749.4","$2,859.9",13,"13,711",13
274,Leidos Holdings,"$13,737",11.7%,$753,19.9%,"$13,261","$14,727.7",-26,"43,000",-26
275,Wayfair,"$13,708",-3.1%,$-131,-170.8%,"$4,570","$11,641.6",-58,"16,681",-58
276,Consolidated Edison,"$13,676",11.7%,"$1,346",22.3%,"$63,116","$33,525.3",-27,"13,871",-27
277,Ameriprise Financial,"$13,443",12.4%,"$2,760",79.9%,"$175,979","$33,213",-24,"12,000",-24
278,Xcel Energy,"$13,431",16.5%,"$1,597",8.4%,"$57,851","$39,275.9",-6,"11,321",-6
279,O'Reilly Automotive,"$13,327.6",14.8%,"$2,164.7",23.5%,"$11,718.7","$45,410.4",-11,"76,158",-11
280,Global Partners,"$13,248.3",59.2%,$60.8,-40.5%,"$2,831.2",$927.1,81,"2,960",81
281,Discover Financial Services,"$13,221",2.1%,"$5,449",377.6%,"$110,242","$31,076.7",-48,"16,700",-48
282,Rocket Companies,"$13,175.6",-17.6%,$308.2,55.7%,"$32,774.9","$21,905.9",-88,"26,000",-88
283,LKQ,"$13,088.5",12.6%,"$1,090.9",70.9%,"$12,606.2","$12,941.4",-17,"46,000",-17
284,W.W. Grainger,"$13,022",10.4%,"$1,043",50.1%,"$6,592","$26,358",-26,"23,450",-26
285,Quanta Services,"$12,980.2",15.9%,$486,9.1%,"$12,855.2","$18,779.5",-7,"43,700",-7
286,Crown Holdings,"$12,979",12.1%,$-560,-196.7%,"$13,858","$15,460.6",-17,"26,000",-17
287,Fox,"$12,909",4.9%,"$2,150",115.2%,"$22,926","$21,423.2",-40,"9,000",-40
288,Sempra,"$12,857",7.7%,"$1,317",-66.5%,"$72,045","$53,087.6",-33,"15,390",-33
289,Markel,"$12,846.4",32%,"$2,425",197.2%,"$48,448.9","$20,037.5",22,"20,300",22
290,Carvana,"$12,814",129.4%,$-135,-,"$7,015","$19,549.5",193,"21,000",193
291,XPO Logistics,"$12,806",-21.2%,$336,205.5%,"$8,707","$8,356.9",-101,"44,700",-101
292,Baxter International,"$12,784",9.5%,"$1,284",16.5%,"$33,521","$39,017.9",-28,"60,000",-28
293,Ecolab,"$12,733.1",-0.1%,"$1,129.9",-,"$21,206.4","$50,548.4",-56,"47,000",-56
294,Tractor Supply,"$12,731.1",19.9%,$997.1,33.1%,"$7,767.5","$26,171.6",-3,"34,000",-3
295,Andersons,"$12,728.8",55.1%,$104,1248.7%,"$4,569.2","$1,708.2",71,"2,334",71
296,Keurig Dr Pepper,"$12,683",9.2%,"$2,146",62%,"$50,598","$53,748.2",-29,"27,500",-29
297,Universal Health Services,"$12,642.1",9.4%,$991.6,5%,"$13,093.5","$10,843.1",-27,"78,850",-27
298,CSX,"$12,522",18.3%,"$3,781",36.7%,"$40,531","$81,587.8",-6,"20,919",-6
299,Henry Schein,"$12,401",22.6%,$631.2,56.3%,"$8,481.1","$11,960.1",-1,"21,600",-1
300,Sonic Automotive,"$12,396.4",26.9%,$348.9,-,"$4,975.1","$1,728.8",8,"10,200",8
301,eBay,"$12,394",9.2%,"$13,608",140.1%,"$26,626","$33,641.9",-25,"10,800",-25
302,Textron,"$12,382",6.3%,$746,141.4%,"$15,827","$16,090.6",-37,"33,000",-37
303,Jones Financial (Edward Jones),"$12,373",21.7%,"$1,605",24.9%,"$32,208",-,-8,"50,000",-8
304,Community Health Systems,"$12,368",4.9%,$230,-55%,"$15,217","$1,598.6",-45,"58,500",-45
305,Mosaic,"$12,357.4",42.3%,"$1,630.6",144.8%,"$22,036.4","$24,492.6",41,"12,525",41
306,Thor Industries,"$12,317.4",50.8%,$659.9,195.9%,"$6,654.1","$4,330.9",62,"31,000",62
307,Dick's Sporting Goods,"$12,293.4",28.3%,"$1,519.9",186.6%,"$9,041.7","$7,986.6",13,"34,300",13
308,Newmont,"$12,222",6.3%,"$1,166",-58.8%,"$40,564","$62,968.1",-35,"14,400",-35
309,Devon Energy,"$12,206",139.8%,"$2,813",-,"$21,025","$39,274.1",211,"1,600",-
310,Warner Bros. Discovery,"$12,191",14.2%,"$1,006",-17.5%,"$34,427","$12,700.5",-20,"11,000",-20
311,J.B. Hunt Transport Services,"$12,168.3",26.3%,$760.8,50.3%,"$6,794.3","$21,052.9",4,"33,045",4
312,Alcoa,"$12,152",30.9%,$429,-,"$15,025","$16,603.4",18,"12,200",18
313,Peter Kiewit Sons',"$12,149",-2.5%,$753,-8.8%,"$6,238",-,-70,"28,800",-70
314,Aramark,"$12,096",-5.7%,$-90.8,-,"$14,376.2","$9,655.5",-79,"248,300",-79
315,Vistra,"$12,077",5.5%,"$-1,274",-300.3%,"$29,683","$10,434.7",-41,"5,060",-41
316,State Street,"$12,030",-0.4%,"$2,693",11.3%,"$314,624","$31,891.8",-64,"38,784",-64
317,Unum Group,"$12,013.8",-8.7%,$824.2,3.9%,"$70,115.6","$6,382.8",-87,"10,200",-87
318,Alleghany,"$12,004.1",34.9%,"$1,034.9",917.1%,"$32,268.7","$11,396.1",21,"13,313",21
319,Boston Scientific,"$11,888",19.9%,"$1,041",-,"$32,229","$63,310.2",-14,"41,000",-14
320,Westlake,"$11,778",57%,"$2,015",510.6%,"$18,459","$15,785.4",68,"14,550",68
321,Entergy,"$11,742.9",16.1%,"$1,118.5",-19.4%,"$59,454.2","$23,760.4",-21,"12,369",-21
322,International Flavors & Fragrances,"$11,656",129.3%,$270,-25.7%,"$39,658","$33,455.6",200,"24,000",-
323,DaVita,"$11,618.8",0.6%,$978.5,26.5%,"$17,121.5","$10,892.5",-52,"69,000",-52
324,Mutual of Omaha Insurance,"$11,459.3",3.3%,$579,-17.1%,"$49,852.7",-,-42,"5,739",-42
325,Assurant,"$11,410",13%,"$1,372.4",210.6%,"$33,911.5","$10,493.1",-23,"15,600",-23
326,Liberty Media,"$11,400",21.8%,$398,-,"$44,351","$15,239.1",-,"6,886",-
327,Hormel Foods,"$11,386.2",18.5%,$908.8,0.1%,"$12,696.3","$28,089.2",-10,"20,000",-10
328,Icahn Enterprises,"$11,328",85%,$-518,-,"$27,746","$15,237.1",125,"19,536",125
329,Republic Services,"$11,295",11.2%,"$1,290.4",33.4%,"$24,955","$41,841.7",-32,"35,000",-32
330,Mohawk Industries,"$11,200.6",17.3%,"$1,033.2",100.4%,"$14,224.5","$8,081.8",-9,"43,000",-9
331,Conagra Brands,"$11,184.7",1.2%,"$1,298.8",54.6%,"$22,195.6","$16,103.5",-48,"18,600",-48
332,Norfolk Southern,"$11,142",13.8%,"$3,005",49.3%,"$38,493","$68,389.3",-25,"18,100",-25
333,AES,"$11,141",15.3%,$-409,-989.1%,"$32,963","$17,172.1",-20,"8,450",-20
334,AGCO,"$11,138.3",21.7%,$897,110%,"$9,182.1","$10,885.3",-3,"23,300",-3
335,Caesars Entertainment,"$11,110",219.8%,"$-1,019",-,"$38,031","$16,564.6",340,"49,000",-
336,Equitable Holdings,"$11,036",-11.1%,$-439,-,"$292,262","$12,041.2",-92,"10,000",-92
337,Advance Auto Parts,"$10,998",8.8%,$616.1,25%,"$12,194.2","$12,644.8",-36,"54,500",-36
338,Biogen,"$10,981.7",-18.3%,"$1,556.1",-61.1%,"$23,877.3","$30,950.4",-110,"9,610",-110
339,Auto-Owners Insurance,"$10,980.2",24%,"$1,318.4",59%,"$32,487.1",-,2,"6,441",2
340,Booking Holdings,"$10,958",61.2%,"$1,165",1874.6%,"$23,641","$96,022.7",84,"20,199",84
341,Amphenol,"$10,876.3",26.5%,"$1,590.8",32.2%,"$14,678.4","$45,130.1",8,"90,000",8
342,Quest Diagnostics,"$10,788",14.3%,"$1,995",39.4%,"$13,611","$16,348.6",-18,"44,500",-18
343,FirstEnergy,"$10,758",3.1%,"$1,283",18.9%,"$45,432","$26,181.6",-49,"12,395",-49
344,DCP Midstream,"$10,707",69.9%,$391,-,"$13,380","$6,993.2",98,"1,788",98
345,Ally Financial,"$10,690",-0.8%,"$3,060",182%,"$182,114","$14,411.6",-58,"10,500",-58
346,Delek US Holdings,"$10,648.2",45.8%,$-203.5,-,"$6,728","$1,500.2",51,"3,312",51
347,Williams,"$10,627",37.7%,"$1,517",619%,"$47,612","$40,670.4",32,"4,783",32
348,Newell Brands,"$10,589",12.8%,$572,-,"$14,179","$8,902.4",-23,"32,000",-23
349,Eastman Chemical,"$10,476",23.6%,$857,79.3%,"$15,519","$14,450.1",6,"14,000",6
350,Air Products & Chemicals,"$10,323",16.6%,"$2,099.1",11.3%,"$26,859.2","$55,409.4",-10,"20,750",-10
351,Thrivent Financial for Lutherans,"$10,312.7",26.5%,"$2,530.2",297.2%,"$116,524.8",-,18,"3,256",18
352,Molson Coors Beverage,"$10,279.7",6.5%,"$1,005.7",-,"$27,619","$11,631.8",-38,"16,300",-38
353,Interpublic Group,"$10,240.7",13%,$952.8,171.4%,"$19,909.2","$13,965.9",-19,"55,600",-19
354,Weyerhaeuser,"$10,201",35.4%,"$2,607",227.1%,"$17,652","$28,315",33,"9,214",33
355,Altice USA,"$10,090.8",2%,$990.3,127%,"$33,215","$5,674.1",-49,"9,000",-49
356,Raymond James Financial,"$9,910",21.3%,"$1,403",71.5%,"$61,891","$22,817.5",11,"15,000",11
357,EMCOR Group,"$9,903.6",12.6%,$383.5,188.5%,"$5,441.4","$5,931.8",-13,"34,000",-13
358,Eversource Energy,"$9,863.1",10.8%,"$1,220.5",1.3%,"$48,492.1","$30,403.2",-20,"9,227",-20
359,Yum China Holdings,"$9,853",19.2%,$990,26.3%,"$13,223","$17,679",4,"298,500",4
360,Asbury Automotive Group,"$9,837.7",37.9%,$532.4,109.3%,"$8,002.6","$3,714.8",45,"14,200",45
361,Owens & Minor,"$9,785.3",12.4%,$221.6,641.8%,"$3,536.6","$3,375.6",-16,"17,300",-16
362,Public Service Enterprise Group,"$9,722",1.2%,$-648,-134%,"$48,999","$35,145.5",-44,"12,684",-44
363,United Rentals,"$9,716",13.9%,"$1,386",55.7%,"$20,292","$25,643.3",-11,"20,400",-11
364,MGM Resorts International,"$9,680.1",87.5%,"$1,254.4",-,"$40,899.1","$18,257.9",153,"60,500",-
365,Ryder System,"$9,663",14.8%,$519,-,"$13,834.3","$4,055.4",-8,"42,800",-8
366,Intuit,"$9,633",25.4%,"$2,062",12.9%,"$15,516","$135,987.6",14,"17,350",14
367,Cincinnati Financial,"$9,629.7",27.8%,"$2,945.6",142.2%,"$31,386.7","$21,813.3",19,"5,166",19
368,Erie Insurance Group,"$9,619.7",11%,"$1,130.1",-3.7%,"$27,297.3",-,-21,"5,805",-21
369,Univar Solutions,"$9,535.5",15.4%,$460.6,770.7%,"$6,777.8","$5,459.8",-7,"9,450",-7
370,Huntington Ingalls Industries,"$9,524",1.7%,$544,-21.8%,"$10,627","$7,991",-43,"44,000",-43
371,W.R. Berkley,"$9,455.5",16.7%,"$1,022.5",92.7%,"$32,086.4","$17,658.8",1,"7,681",1
372,Western & Southern Financial Group,"$9,441.7",17.2%,$361.2,76.7%,"$62,876.7",-,2,"2,538",2
373,Insight Enterprises,"$9,436.1",13.1%,$219.3,27.1%,"$4,689.1","$3,745.1",-13,"11,624",-13
374,News Corp.,"$9,358",3.9%,$330,-,"$16,771","$13,127.7",-37,"24,000",-37
375,American Tower,"$9,356.9",16.4%,"$2,567.7",51.9%,"$69,887.9","$114,527.4",-,"6,378",-
376,Old Republic International,"$9,341.6",30.4%,"$1,534.3",174.7%,"$24,981.8","$7,972.8",25,"9,600",25
377,Burlington Stores,"$9,322.3",61.7%,$408.8,-,"$7,089.5","$12,112.8",94,"38,599",94
378,Avis Budget Group,"$9,313",72.4%,"$1,285",-,"$22,600","$14,157",120,"18,500",120
379,ODP,"$9,267",-4.6%,$-208,-,"$4,865","$2,222.2",-67,"26,000",-67
380,VF Corp.,"$9,238.8",-21%,$407.9,-40%,"$13,754","$22,112.9",-117,"33,600",-117
381,Bed Bath & Beyond,"$9,233",-17.3%,$-150.8,-,"$6,456.9","$2,170.5",-101,"37,600",-101
382,Seaboard,"$9,229",29.5%,$570,101.4%,"$7,503","$4,881.6",24,"13,200",24
383,First American Financial,"$9,221",30.1%,"$1,241",78.2%,"$16,451","$7,087.2",26,"22,233",26
384,Intercontinental Exchange,"$9,168",11.2%,"$4,058",94.3%,"$193,502","$74,044.8",-19,"8,858",-19
385,PVH,"$9,154.7",28.4%,$952.3,-,"$12,396.8","$5,210",19,"25,000",19
386,Apollo Global Management,"$9,124",332.2%,"$1,838.5",1073.9%,"$30,501.9","$37,194",552,"2,153",-
387,Jefferies Financial Group,"$9,039.9",30%,"$1,674.4",116%,"$60,404.1","$7,933.9",32,"5,556",32
388,Hershey,"$8,971.3",10.1%,"$1,477.5",15.5%,"$10,412.2","$44,461.5",-18,"17,805",-18
389,NVR,"$8,970.1",18.6%,"$1,236.7",37.2%,"$5,834.5","$15,010.5",-6,"6,600",-6
390,Foot Locker,"$8,958",18.7%,$893,176.5%,"$8,135","$2,850",-5,"33,244",-5
391,Dana,"$8,945",25.9%,$197,-,"$7,632","$2,544.4",17,"40,200",17
392,SpartanNash,"$8,931",-4.5%,$73.8,-2.8%,"$2,206.8","$1,185.1",-63,"13,300",-63
393,Olin,"$8,910.6",54.8%,"$1,296.7",-,"$8,517.7","$8,062",79,"7,750",79
394,Chewy,"$8,890.8",24.4%,$-73.8,-,"$2,086.3","$17,147.3",9,"21,300",9
395,Jackson Financial,"$8,848",-,"$3,183",-,"$375,484","$3,895.1",-,"3,150",-
396,Activision Blizzard,"$8,803",8.9%,"$2,699",22.8%,"$25,056","$62,559.7",-23,"9,800",-23
397,Toll Brothers,"$8,790.4",24.2%,$833.6,86.7%,"$11,537.9","$5,515.4",14,"5,100",14
398,Carlyle Group,"$8,782.1",199.3%,"$2,974.7",754.3%,"$21,250.4","$17,427.5",360,"1,850",-
399,Graybar Electric,"$8,767.3",20.7%,$262.4,115.4%,"$3,069",-,-,"8,800",-
400,Ovintiv,"$8,658",42.2%,"$1,416",-,"$14,055","$13,987.5",58,"1,713",58
401,UFP Industries,"$8,636.1",67.6%,$535.6,117.1%,"$3,245.3","$4,790.5",117,"15,000",-
402,Ulta Beauty,"$8,630.9",40.3%,$985.8,460.7%,"$4,764.4","$20,837.8",49,"28,500",49
403,Constellation Brands,"$8,614.9",3.3%,"$1,998",-,"$27,104.8","$43,763.5",-44,"9,300",-44
404,Expedia Group,"$8,598",65.4%,$12,-,"$21,548","$30,476.5",111,"14,800",-
405,CommScope Holding,"$8,586.7",1.8%,$-462.6,-,"$13,259.5","$1,629.7",-49,"30,000",-49
406,Celanese,"$8,537",51%,"$1,890",-4.8%,"$11,975","$15,434.1",71,"8,529",71
407,Global Payments,"$8,523.8",14.8%,$965.5,65.2%,"$45,279.7","$38,545.6",-13,"25,000",-13
408,Owens Corning,"$8,498",20.5%,$995,-,"$10,015","$9,064.7",5,"20,000",5
409,Campbell Soup,"$8,476",-6.3%,"$1,002",-38.5%,"$11,734","$13,446.9",-74,"14,100",-74
410,Huntsman,"$8,453",40.3%,"$1,045",1.1%,"$9,392","$8,046.9",50,"9,000",50
411,Franklin Resources,"$8,425.5",51.4%,"$1,831.2",129.2%,"$24,168.4","$14,019.3",73,"10,300",73
412,Avery Dennison,"$8,408.3",20.6%,$740.1,33.1%,"$7,971.6","$14,327.4",5,"36,000",5
413,Masco,"$8,375",14.9%,$410,-66.5%,"$5,575","$12,062.7",-15,"20,000",-15
414,CenterPoint Energy,"$8,352",-5.5%,"$1,486",-,"$37,679","$19,285.8",-72,"9,418",-72
415,Fifth Third Bancorp,"$8,329",-0.9%,"$2,770",94.1%,"$211,116","$29,511.3",-57,"19,112",-57
416,WEC Energy Group,"$8,316",14.8%,"$1,300.3",8.4%,"$38,988.5","$31,483.5",-16,"6,938",-16
417,S&P Global,"$8,297",11.5%,"$3,024",29.3%,"$15,026","$142,343.5",-24,"22,850",-24
418,FM Global,"$8,274.6",21.7%,"$2,842.4",64.1%,"$32,160.5",-,5,"5,560",5
419,Polaris,"$8,252",16.1%,$493.9,295.8%,"$5,047.8","$6,264.1",-12,"16,000",-12
420,Williams-Sonoma,"$8,245.9",21.6%,"$1,126.3",65.5%,"$4,625.6","$10,376",5,"16,600",5
421,Autoliv,"$8,230",10.5%,$435,132.7%,"$7,537","$6,691.1",-29,"58,176",-29
422,Arthur J. Gallagher,"$8,209.4",17.2%,$906.8,10.7%,"$33,345","$36,598.6",-6,"39,000",-6
423,Motorola Solutions,"$8,171",10.2%,"$1,245",31.2%,"$12,189","$40,555.9",-28,"18,700",-28
424,Zillow Group,"$8,147.4",143.9%,$-527.8,-,"$10,695.5","$12,287.1",268,"8,005",-
425,Opendoor Technologies,"$8,021",210.5%,$-662,-,"$9,506","$5,364.1",394,"2,816",-
426,J.M. Smucker,"$8,002.7",2.6%,$876.3,12.4%,"$16,284.2","$14,686.4",-48,"7,100",-48
427,Anywhere Real Estate,"$7,983",28.3%,$343,-,"$7,210","$1,852.1",18,"9,748",18
428,Oshkosh,"$7,952.5",16%,$409.4,26.2%,"$6,721.8","$6,703.7",-6,"15,000",-6
429,MasTec,"$7,951.8",25.8%,$328.8,1.9%,"$7,121.4","$6,657",12,"27,000",12
430,GXO Logistics,"$7,940",-,$153,-,"$7,271","$8,193",-,"97,500",-
431,APA,"$7,928",84%,$973,-,"$13,303","$14,332.3",164,"2,253",-
432,Boise Cascade,"$7,926.1",44.8%,$712.5,307.2%,"$2,572.6","$2,740.4",61,"6,130",61
433,Dover,"$7,907.1",18.3%,"$1,123.8",64.4%,"$10,403.6","$22,610.3",-4,"25,000",-4
434,Genworth Financial,"$7,882",-9%,$904,407.9%,"$99,171","$1,917.9",-86,"2,500",-86
435,Bath & Body Works,"$7,881.5",-33.5%,"$1,333.5",57.9%,"$6,026","$11,419.9",-178,"32,850",-178
436,Booz Allen Hamilton Holding,"$7,858.9",5.3%,$609,26.2%,"$5,499.6","$11,705.4",-45,"27,700",-45
437,Coinbase Global,"$7,839.4",513.7%,"$3,624.1",1024.4%,"$21,274.4","$41,670.4",-,"3,730",-
438,Zimmer Biomet Holdings,"$7,836.2",11.6%,$401.6,-,"$23,456.4","$26,772.3",-24,"19,500",-24
439,Westinghouse Air Brake Technologies,"$7,822",3.5%,$558,34.7%,"$18,454","$17,819.4",-55,"25,000",-55
440,Zoetis,"$7,776",16.5%,"$2,037",24.4%,"$13,900","$89,008.9",-9,"12,100",-9
441,Packaging Corp. of America,"$7,730.3",16.1%,$841.1,82.5%,"$7,836.8","$14,628.1",-8,"15,200",-8
442,LPL Financial Holdings,"$7,720.8",31.5%,$459.9,-2.7%,"$7,991.6","$14,608.8",24,"5,919",24
443,T. Rowe Price,"$7,671.9",23.6%,"$3,082.9",29.9%,"$12,509","$34,442.6",4,"7,529",4
444,Fortune Brands Home & Security,"$7,656.1",25.7%,$772.4,39.6%,"$7,936.2","$9,830.7",12,"28,056",12
445,Casey's General Stores,"$7,654.2",-5.6%,$312.9,18.6%,"$4,460.3","$7,354.4",-74,"27,583",-74
446,A-Mark Precious Metals,"$7,613",39.4%,$159.6,423.2%,"$1,191.6",$890.5,49,347,49
447,Hess,"$7,583",57.8%,$559,-,"$20,515","$33,155.2",96,"1,545",-
448,Vertex Pharmaceuticals,"$7,574.4",22.1%,"$2,342.1",-13.6%,"$13,432.5","$66,436.9",-,"3,900",-
449,KeyCorp,"$7,561",3.1%,"$2,625",95.5%,"$186,346","$20,592.5",-53,"16,974",-53
450,Chipotle,"$7,547.1",26.1%,$653,83.5%,"$6,653","$44,347.4",14,"97,660",14
451,CMS Energy,"$7,538",12.8%,"$1,353",79.2%,"$28,753","$20,292.2",-21,"8,813",-21
452,Arconic,"$7,504",32.2%,$-397,-,"$6,580","$2,690.7",24,"13,900",24
453,Taylor Morrison Home,"$7,501.3",22.4%,$663,172.4%,"$8,727.8","$3,301.6",-1,"3,000",-1
454,American Financial Group,"$7,462",-5.7%,"$1,995",172.5%,"$28,931","$12,367.8",-78,"6,600",-78
455,UGI,"$7,447",13.5%,"$1,467",175.8%,"$16,723","$7,599.1",-19,"11,300",-19
456,Science Applications International,"$7,394",4.8%,$277,32.5%,"$5,746","$5,166.1",-44,"25,090",-44
457,Avantor,"$7,386.1",15.5%,$572.6,391.1%,"$13,897.2","$20,629.1",-19,"13,500",-19
458,Hanesbrands,"$7,347.8",10.3%,$77.2,-,"$7,071.4","$5,191.4",-26,"58,000",-26
459,Clorox,"$7,341",9.2%,$710,-24.4%,"$6,334","$17,108.7",-32,"9,000",-32
460,KBR,"$7,339",27.3%,$18,-,"$6,199","$7,634.9",10,"28,000",10
461,TravelCenters of America,"$7,336.8",51.4%,$58.5,-,"$3,508.5",$637.5,79,"16,540",-
462,Hertz Global Holdings,"$7,336",39.5%,$366,-,"$19,783","$9,508.9",46,"23,000",-
463,Analog Devices,"$7,318.3",30.6%,"$1,390.4",13.9%,"$52,322.1","$86,441.2",18,"24,700",18
464,Securian Financial Group,"$7,317.4",6.5%,$311.5,28.1%,"$75,169.4",-,-43,"6,941",-43
465,Darden Restaurants,"$7,196.1",-7.8%,$629.3,-,"$10,656.1","$16,980.9",-88,"156,883",-88
466,Graphic Packaging Holding,"$7,156",9.1%,$204,21.9%,"$10,457","$6,154.4",-31,"25,000",-31
466,NCR,"$7,156",15.3%,$97,-,"$11,641","$5,474.7",-20,"38,000",-20
468,Brighthouse Financial,"$7,142",-16%,$-108,-,"$259,840","$3,958.7",-115,"1,500",-115
469,PPL,"$7,127",-6.3%,"$-1,480",-200.7%,"$33,223","$21,001.9",-87,"5,607",-87
470,Cintas,"$7,116.3",0.4%,"$1,111",26.8%,"$8,236.8","$43,566.7",-60,"40,000",-60
471,Xerox Holdings,"$7,038",0.2%,$-455,-337%,"$13,223","$3,123.3",-56,"23,300",-56
472,Rockwell Automation,"$6,997.4",10.5%,"$1,358.1",32.7%,"$10,701.6","$32,538.4",-32,"24,500",-32
473,Citizens Financial Group,"$6,986",-9%,"$2,319",119.4%,"$188,409","$19,135.7",-92,"17,463",-92
474,KLA,"$6,918.7",19.2%,"$2,078.3",70.8%,"$10,271.1","$55,170.9",-6,"11,425",-6
475,Camping World Holdings,"$6,913.8",26.9%,$278.5,127.6%,"$4,372.9","$2,664.6",21,"12,834",21
476,Ingredion,"$6,894",15.1%,$117,-66.4%,"$6,999","$5,814.2",-13,"12,000",-13
477,Veritiv,"$6,850.5",8%,$144.6,322.8%,"$2,438.4","$2,008",-38,"6,100",-38
478,Beacon Roofing Supply,"$6,820.4",-1.8%,$243,-,"$5,549.3","$4,175.9",-58,"6,676",-58
479,Diamondback Energy,"$6,797",141.6%,"$2,182",-,"$22,898","$24,320",302,870,-
480,Victoria's Secret,"$6,784.6",-,$646.4,-,"$4,344","$4,330.4",-,"24,000",-
481,Academy Sports and Outdoors,"$6,773.1",19.1%,$671.4,117.4%,"$4,584.9","$3,433.5",-6,"16,508",-6
482,Sanmina,"$6,756.6",-2.9%,$269,92.5%,"$4,206.7","$2,569",-64,"33,500",-64
483,ON Semiconductor,"$6,739.8",28.3%,"$1,009.6",331.1%,"$9,626","$27,078.7",26,"31,650",-
484,Commercial Metals,"$6,729.8",22.9%,$412.9,47.7%,"$4,638.7","$5,056.7",8,"11,089",8
485,EnLink Midstream,"$6,685.9",71.7%,$22.4,-,"$8,483.2","$4,670.6",145,"1,073",-
486,Southwestern Energy,"$6,667",188.9%,$-25,-,"$11,848","$7,989.7",407,938,-
487,Equinix,"$6,635.5",10.6%,$500.2,35.3%,"$27,918.7","$67,280.5",-26,"10,944",-26
488,Dillard's,"$6,624.3",49.4%,$862.5,-,"$3,245.6","$4,928.2",97,"25,350",-
489,Regions Financial,"$6,605",-0.8%,"$2,521",130.4%,"$162,938","$20,860.9",-55,"19,626",-55
490,Yum Brands,"$6,584",16.5%,"$1,575",74.2%,"$5,966","$34,252.9",-12,"25,650",-12
491,Landstar System,"$6,540.4",58.1%,$381.5,98.6%,"$2,045.5","$5,600",115,"1,399",-
492,CF Industries Holdings,"$6,538.3",58.5%,$917.1,189.3%,"$12,375.2","$21,551.3",117,"3,003",-
493,Northern Trust,"$6,488.3",3%,"$1,545.3",27.8%,"$183,889.8","$24,215.1",-50,"21,100",-50
494,Robert Half International,"$6,461.4",26.5%,$598.6,95.5%,"$2,952.4","$12,638.1",25,"14,600",-
495,Compass,"$6,421",72.6%,$-494.1,-,"$1,800.6","$3,358.8",151,"4,775",-
496,Hasbro,"$6,420.4",17.5%,$428.7,92.7%,"$10,037.8","$11,383.6",-2,"6,640",-2
497,Roper Technologies,"$6,415.8",16.1%,"$1,152.6",21.4%,"$23,713.9","$49,868.8",-9,"19,300",-9
498,ARKO,"$6,412.6",88.1%,$59.2,348.9%,"$2,942.3","$1,133.9",183,"11,236",-
499,Frontier Communications,"$6,411",-10.4%,-,-,"$16,481","$6,763.1",-97,"15,640",-97
500,Ameren,"$6,394",10.4%,$990,13.7%,"$35,735","$24,198.7",-31,"9,116",-31
